rio0405,WFzb24sIGJ1dCAuLi4=,강휘,SKT,010-9113-3355
yeun25,YXBwbGUxMjM0NTY=,김나린,KT,010-7331-9632
ara7615,amF2YTEyMw==,김단희,LGT,010-0013-0840
onemsa,c3ByaW5nMTIz,김민지,SKT,010-2619-1679
esy81809,WFzb24sIGJ1dCAuLi4=,김선숙,LGT,010-3837-2307
ravi3771,YXBwbGUxMjM0NTY=,김지현,SKT,010-0137-9567
wate0001,amF2YTEyMw==,김하주,KT,010-3267-9567
patrick,c3ByaW5nMTIz,명동건,LGT,010-4152-7906
chlvlftjsrkq,WFzb24sIGJ1dCAuLi4=,박성현,KT,010-3180-4355
juyoun1231,YXBwbGUxMjM0NTY=,박세은,SKT,010-5137-1188
miss104,amF2YTEyMw==,서은진,KT,010-7230-1210
leegu,c3ByaW5nMTIz,신영남,LGT,010-1138-8456
rosie,WFzb24sIGJ1dCAuLi4=,심지원,KT,010-3870-6310
only2441,YXBwbGUxMjM0NTY=,이윤석,LGT,010-4307-5448
iskany1,amF2YTEyMw==,이항휘,SKT,010-2330-1439
snow4,c3ByaW5nMTIz,이희우,KT,010-6813-4521
happyhero7,WFzb24sIGJ1dCAuLi4=,임성민,LGT,010-1137-8949
pamela,YXBwbGUxMjM0NTY=,최연욱,SKT,010-0074-3858
luck0707,amF2YTEyMw==,최하영,KT,010-9587-5296
bague,c3ByaW5nMTIz,최한결,SKT,010-8587-0614
apink,a29yZWE=,하현수,SKT,010-5247-8398
m2mb1004,Y2hvb25nYW5n,홍범기,SKT,010-4251-3945